id,name,email,address,address2,amount_spent,raw_unstructured
692689,Jessica Adams,smithsheryl@hanson.biz,"956 Shane Station, North Shelly, Georgia, 04534, Dominica","313 Miller Terrace Suite 433, Vaughnton, DE 62276",8288.46,"Jessica Adams (692689) spent $8288.46 - Contact: smithsheryl@hanson.biz - Addr: 313 Miller Terrace Suite 433, Vaughnton, DE 62276"
220529,Kelly Livingston,carrie72@yahoo.com,"378 Brown Union, Andreaberg, Louisiana, 80123, Burkina Faso","853 Barrera Forges Apt. 774, South Edwintown, NE 45923",6136.34,"Kelly Livingston (220529) spent $6136.34 - Contact: carrie72@yahoo.com - Addr: 853 Barrera Forges Apt. 774, South Edwintown, NE 45923"
652801,Sarah Miller,harmonstacy@medina.com,"083 Castro Mills, Lake John, Minnesota, 46746, Estonia","968 Smith Ridge Apt. 477, Patrickberg, IN 50158",12322.27,"Sarah Miller (652801) spent $12322.27 - Contact: harmonstacy@medina.com - Addr: 968 Smith Ridge Apt. 477, Patrickberg, IN 50158"
810775,Gina Wise,silvaclinton@yahoo.com,"12913 Ramirez Route, New Matthew, Georgia, 85774, Monaco","901 Johnson Parkways Apt. 145, North Matthewtown, CO 30911",14351.21,"Gina Wise (810775) spent $14351.21 - Contact: silvaclinton@yahoo.com - Addr: 901 Johnson Parkways Apt. 145, North Matthewtown, CO 30911"
383754,Danny Hull,kclark@yahoo.com,"553 Gregory Tunnel, South Barbara, Washington, 09145, Tunisia","47452 Sanchez Circle, Batesmouth, IL 28111",10154.07,"Danny Hull (383754) spent $10154.07 - Contact: kclark@yahoo.com - Addr: 47452 Sanchez Circle, Batesmouth, IL 28111"
554696,Erika Long,bill12@perry-thomas.net,"8022 Garcia Heights, New Lauren, Virginia, 07933, Austria","3132 Garcia Neck, North Jefferyville, VT 14193",14466.54,"Erika Long (554696) spent $14466.54 - Contact: bill12@perry-thomas.net - Addr: 3132 Garcia Neck, North Jefferyville, VT 14193"
596444,Cheryl Nguyen,alexahancock@fowler.biz,"44603 Webb Unions, Cindytown, Louisiana, 22298, Falkland Islands (Malvinas)","7267 Pamela Radial, Allenview, MO 07909",4750.76,"Cheryl Nguyen (596444) spent $4750.76 - Contact: alexahancock@fowler.biz - Addr: 7267 Pamela Radial, Allenview, MO 07909"
347332,Shannon Robinson,debrawelch@hotmail.com,"032 Wood Crossroad, Lake Julia, Tennessee, 19151, Uganda","8475 Anthony Camp Apt. 122, Adkinsshire, CO 67133",10660.74,"Shannon Robinson (347332) spent $10660.74 - Contact: debrawelch@hotmail.com - Addr: 8475 Anthony Camp Apt. 122, Adkinsshire, CO 67133"
427232,Matthew Silva,abigail06@gmail.com,"67253 Murphy Fort, Millerview, Virginia, 86430, Lesotho","492 Nguyen Lights Apt. 880, Georgeview, TX 82315",6064.26,"Matthew Silva (427232) spent $6064.26 - Contact: abigail06@gmail.com - Addr: 492 Nguyen Lights Apt. 880, Georgeview, TX 82315"
890534,Andrew Young,seanmiller@hotmail.com,"8260 Hawkins River, New Robert, Alaska, 07512, Puerto Rico","607 Kelly Crossing, West Jason, ND 90533",13905.89,"Andrew Young (890534) spent $13905.89 - Contact: seanmiller@hotmail.com - Addr: 607 Kelly Crossing, West Jason, ND 90533"
570028,Ronnie Graham,theresa90@hotmail.com,"82051 David Ridges, East Marcusstad, Washington, 12763, Botswana","6402 Madeline Viaduct Suite 710, West Larrymouth, NH 19764",6679.34,"Ronnie Graham (570028) spent $6679.34 - Contact: theresa90@hotmail.com - Addr: 6402 Madeline Viaduct Suite 710, West Larrymouth, NH 19764"
385585,Joseph Underwood,robinchoi@hotmail.com,"09606 Debra Ports, Port Margaretmouth, Ohio, 28255, Kuwait","68487 Christopher Stravenue Apt. 707, Reynoldsbury, CO 01150",12488.03,"Joseph Underwood (385585) spent $12488.03 - Contact: robinchoi@hotmail.com - Addr: 68487 Christopher Stravenue Apt. 707, Reynoldsbury, CO 01150"
272412,Shannon Atkinson,zrichardson@yahoo.com,"46383 Heather Manors, Merritttown, Arkansas, 90868, Palestinian Territory","26032 Robert Meadow, Collinsside, WV 93963",8381.79,"Shannon Atkinson (272412) spent $8381.79 - Contact: zrichardson@yahoo.com - Addr: 26032 Robert Meadow, Collinsside, WV 93963"
866005,Brian Barber,erin38@hotmail.com,"8274 Reed Well, Mcdowellside, Indiana, 11837, Norfolk Island","7597 Kevin Plains Apt. 066, Port Tara, CO 95150",6661.54,"Brian Barber (866005) spent $6661.54 - Contact: erin38@hotmail.com - Addr: 7597 Kevin Plains Apt. 066, Port Tara, CO 95150"
442509,Austin Clark,kbarton@hotmail.com,"6764 Wong View, South Whitneyview, Kansas, 36588, Cyprus","027 Ellis Pine, Perezbury, MA 72595",2217.71,"Austin Clark (442509) spent $2217.71 - Contact: kbarton@hotmail.com - Addr: 027 Ellis Pine, Perezbury, MA 72595"
505355,Pamela Hicks,alicia14@edwards.com,"6780 Gray Hills, New Donnaport, Georgia, 70169, Syrian Arab Republic","7739 Deborah Prairie, Donaldville, DE 71377",12516.53,"Pamela Hicks (505355) spent $12516.53 - Contact: alicia14@edwards.com - Addr: 7739 Deborah Prairie, Donaldville, DE 71377"
521903,Mr. Peter Dickson,penastephanie@yahoo.com,"75343 Jasmine Forks, New Ryan, Oklahoma, 17074, Luxembourg","8283 Adrian Plains, Davidmouth, IL 03562",10896.26,"Mr. Peter Dickson (521903) spent $10896.26 - Contact: penastephanie@yahoo.com - Addr: 8283 Adrian Plains, Davidmouth, IL 03562"
549391,Katherine Good,irwinjacob@yahoo.com,"762 Ferguson Cape, Jamestown, Georgia, 96910, Malawi","PSC 5099, Box 0410, APO AA 08911",11624.25,"Katherine Good (549391) spent $11624.25 - Contact: irwinjacob@yahoo.com - Addr: PSC 5099, Box 0410, APO AA 08911"
681399,Jennifer Anderson,paulayala@hotmail.com,"8514 Tina Club, New Cynthia, Tennessee, 65555, American Samoa","USNS Melton, FPO AP 17579",13827.74,"Jennifer Anderson (681399) spent $13827.74 - Contact: paulayala@hotmail.com - Addr: USNS Melton, FPO AP 17579"
249735,David Camacho,jholland@gmail.com,"8616 Willis Street, Lake Gary, Indiana, 69522, Bangladesh","473 Graham Locks, Port Erik, CT 04691",3586.06,"David Camacho (249735) spent $3586.06 - Contact: jholland@gmail.com - Addr: 473 Graham Locks, Port Erik, CT 04691"
803747,Jordan Blake,christina91@carlson-cabrera.com,"00966 David Branch, West Jameston, Washington, 53603, Belize","07742 Vargas Ports Suite 283, Port Robert, MD 54585",902.78,"Jordan Blake (803747) spent $902.78 - Contact: christina91@carlson-cabrera.com - Addr: 07742 Vargas Ports Suite 283, Port Robert, MD 54585"
946743,Laura Lopez,alyssa11@anderson.net,"98643 Amber Station, West Jesuschester, Utah, 89638, Tokelau","520 Brian Rapids, Hernandezville, DC 17084",4888.73,"Laura Lopez (946743) spent $4888.73 - Contact: alyssa11@anderson.net - Addr: 520 Brian Rapids, Hernandezville, DC 17084"
509318,Deborah Rodriguez,ymoody@gmail.com,"2648 Perry Centers, Andreaborough, Tennessee, 67917, Benin","74535 Stephen Cliffs, Port Valeriehaven, IL 57766",6326.83,"Deborah Rodriguez (509318) spent $6326.83 - Contact: ymoody@gmail.com - Addr: 74535 Stephen Cliffs, Port Valeriehaven, IL 57766"
621772,Nicole Lee,dnichols@gmail.com,"41437 Watson Estate, Lindseyberg, Louisiana, 56153, El Salvador","01544 Lisa Falls Apt. 691, West Richard, AL 77736",1581.26,"Nicole Lee (621772) spent $1581.26 - Contact: dnichols@gmail.com - Addr: 01544 Lisa Falls Apt. 691, West Richard, AL 77736"
909179,Michael Pugh,denise09@dean.com,"02387 Phillips Port, North David, Iowa, 74237, Ecuador","3172 Sheryl Trail Apt. 790, Juarezhaven, VA 38066",6340.71,"Michael Pugh (909179) spent $6340.71 - Contact: denise09@dean.com - Addr: 3172 Sheryl Trail Apt. 790, Juarezhaven, VA 38066"
105393,Colin Davis,gblack@munoz-higgins.biz,"67053 Webster Gateway, Lake Brentshire, Oregon, 97430, Kiribati","4055 Barrera Run Apt. 303, West Amy, AZ 32313",11808.73,"Colin Davis (105393) spent $11808.73 - Contact: gblack@munoz-higgins.biz - Addr: 4055 Barrera Run Apt. 303, West Amy, AZ 32313"
709888,Dawn Chan,vmartinez@yahoo.com,"24996 Emily Spurs, Joyborough, Indiana, 23100, Georgia","98521 Jacob Locks Suite 798, West Randall, SC 45421",6804.78,"Dawn Chan (709888) spent $6804.78 - Contact: vmartinez@yahoo.com - Addr: 98521 Jacob Locks Suite 798, West Randall, SC 45421"
958618,Brenda Garrison,gonzalespaul@hotmail.com,"195 Richard Plain, Jonesport, Kentucky, 98537, Barbados","0696 Merritt Square, South Ariel, TX 09780",1739.58,"Brenda Garrison (958618) spent $1739.58 - Contact: gonzalespaul@hotmail.com - Addr: 0696 Merritt Square, South Ariel, TX 09780"
906684,Tim Velasquez,qperez@garcia.biz,"35024 Foster Pines, New Justinbury, New York, 61453, Tonga","94256 Mathews Ville, Hernandezbury, CA 30064",101.36,"Tim Velasquez (906684) spent $101.36 - Contact: qperez@garcia.biz - Addr: 94256 Mathews Ville, Hernandezbury, CA 30064"
367749,Maria Robinson,millerchristopher@hotmail.com,"6637 Michael Flat, Rachelstad, Montana, 06708, Papua New Guinea","688 Wilson Shoals, Port Amy, TN 14091",4152.47,"Maria Robinson (367749) spent $4152.47 - Contact: millerchristopher@hotmail.com - Addr: 688 Wilson Shoals, Port Amy, TN 14091"
458573,Jason Rivas,pwhite@hughes.biz,"796 Kathleen Causeway, Fernandezstad, Maine, 91830, Albania","948 Figueroa Run, Lake Steven, MI 00739",1732.03,"Jason Rivas (458573) spent $1732.03 - Contact: pwhite@hughes.biz - Addr: 948 Figueroa Run, Lake Steven, MI 00739"
805836,Michael Martin,tatekyle@yahoo.com,"05625 Joseph Ridges, Melissaport, Kansas, 01734, Zambia","134 Martin Pines, Hernandezberg, NY 99378",1032.83,"Michael Martin (805836) spent $1032.83 - Contact: tatekyle@yahoo.com - Addr: 134 Martin Pines, Hernandezberg, NY 99378"
492425,Deborah Ross,mayangela@robles.com,"834 Misty Estate, Sheilaborough, Alaska, 36483, French Southern Territories","537 Pratt Grove Suite 519, North John, WY 97949",5958.81,"Deborah Ross (492425) spent $5958.81 - Contact: mayangela@robles.com - Addr: 537 Pratt Grove Suite 519, North John, WY 97949"
540253,Anthony Mosley,bhouston@hotmail.com,"989 Phillips Vista, Lake Jeffrey, Vermont, 63216, Guernsey","245 Christopher Shores Apt. 256, Port Michael, WA 59804",472.58,"Anthony Mosley (540253) spent $472.58 - Contact: bhouston@hotmail.com - Addr: 245 Christopher Shores Apt. 256, Port Michael, WA 59804"
241540,George Padilla,taylor01@yahoo.com,"93210 Fitzpatrick Isle, Gonzaleztown, North Dakota, 38819, Tanzania","3963 David Rapids Suite 196, Lake Robertshire, FL 44155",7900.03,"George Padilla (241540) spent $7900.03 - Contact: taylor01@yahoo.com - Addr: 3963 David Rapids Suite 196, Lake Robertshire, FL 44155"
370894,Lisa Martinez,melvinhorton@gmail.com,"6382 Christine Shore, North Kevintown, Oregon, 58486, Russian Federation","4299 Monica Court Apt. 695, Lake Patricia, UT 69999",14202.28,"Lisa Martinez (370894) spent $14202.28 - Contact: melvinhorton@gmail.com - Addr: 4299 Monica Court Apt. 695, Lake Patricia, UT 69999"
475269,Patrick Hoffman,jessejackson@ramirez-jacobs.com,"6169 Yu Run, Simsview, Hawaii, 24835, United Arab Emirates","Unit 1089 Box 0338, DPO AP 04875",5272.3,"Patrick Hoffman (475269) spent $5272.3 - Contact: jessejackson@ramirez-jacobs.com - Addr: Unit 1089 Box 0338, DPO AP 04875"
117868,Dorothy Green,davidford@hotmail.com,"34664 Julie Knolls, Caseychester, Colorado, 22543, Tuvalu","93096 Brown Mews, Tonyhaven, UT 85766",11181.9,"Dorothy Green (117868) spent $11181.9 - Contact: davidford@hotmail.com - Addr: 93096 Brown Mews, Tonyhaven, UT 85766"
365382,Kevin Landry DDS,melissa81@yahoo.com,"304 Stephen Mission, Andersonton, Minnesota, 80140, Greece","24748 Joseph Stream Suite 929, Scottside, FL 66468",11681.11,"Kevin Landry DDS (365382) spent $11681.11 - Contact: melissa81@yahoo.com - Addr: 24748 Joseph Stream Suite 929, Scottside, FL 66468"
395185,Kimberly Davis,robinsonadam@cain.net,"480 Dennis Causeway, Ryanshire, Rhode Island, 92958, Congo","8569 Roberts Vista Apt. 450, East Janet, NV 11986",7966.67,"Kimberly Davis (395185) spent $7966.67 - Contact: robinsonadam@cain.net - Addr: 8569 Roberts Vista Apt. 450, East Janet, NV 11986"
458269,Cynthia Whitaker,goldenwilliam@medina-lewis.com,"650 Martin Garden, Jessicamouth, New York, 77059, Christmas Island","2445 Phillip Heights, Lake Charles, DE 99000",12284.51,"Cynthia Whitaker (458269) spent $12284.51 - Contact: goldenwilliam@medina-lewis.com - Addr: 2445 Phillip Heights, Lake Charles, DE 99000"
945673,Christine Johnston,elizabeth11@bennett.org,"7660 Todd Forge, Robertchester, Wisconsin, 07419, United States Minor Outlying Islands","Unit 4978 Box 2437, DPO AE 64128",14909.64,"Christine Johnston (945673) spent $14909.64 - Contact: elizabeth11@bennett.org - Addr: Unit 4978 Box 2437, DPO AE 64128"
509332,Madeline Koch,ihart@yahoo.com,"73613 Ronald Branch, Thomasstad, Vermont, 29045, Argentina","4166 Sexton Cape Suite 921, Nixontown, MN 62681",13801.31,"Madeline Koch (509332) spent $13801.31 - Contact: ihart@yahoo.com - Addr: 4166 Sexton Cape Suite 921, Nixontown, MN 62681"
595617,Jason Sharp,jenkinssharon@hotmail.com,"37706 Johnson Junction, North Sharonchester, Alabama, 18631, Lao People's Democratic Republic","5210 Craig Haven Apt. 844, South David, ND 38800",12323.8,"Jason Sharp (595617) spent $12323.8 - Contact: jenkinssharon@hotmail.com - Addr: 5210 Craig Haven Apt. 844, South David, ND 38800"
885875,Kyle Walsh,mccormickandre@anthony.com,"727 Daniel Inlet, East Shawn, Rhode Island, 70891, Niue","151 Burgess Mills, Carriefurt, WY 50005",737.67,"Kyle Walsh (885875) spent $737.67 - Contact: mccormickandre@anthony.com - Addr: 151 Burgess Mills, Carriefurt, WY 50005"
614256,Erica Douglas,wrightmark@burnett.org,"44520 Morris Keys, West Mariaside, Kentucky, 30024, Lebanon","6365 Clarke Orchard, South Nicholas, WA 71332",2801.51,"Erica Douglas (614256) spent $2801.51 - Contact: wrightmark@burnett.org - Addr: 6365 Clarke Orchard, South Nicholas, WA 71332"
938645,Andrea Williams,johnsondavid@garcia.com,"1185 Robert Keys, Andersonstad, Nebraska, 96365, Comoros","362 Danielle Mountain, Matthewside, NC 37853",6231.86,"Andrea Williams (938645) spent $6231.86 - Contact: johnsondavid@garcia.com - Addr: 362 Danielle Mountain, Matthewside, NC 37853"
629866,Rebecca Webb,osmith@yahoo.com,"4779 Austin Pike, Cliffordside, Louisiana, 98928, Maldives","224 Erika Pine Suite 171, Adamston, NE 64881",7851.19,"Rebecca Webb (629866) spent $7851.19 - Contact: osmith@yahoo.com - Addr: 224 Erika Pine Suite 171, Adamston, NE 64881"
155683,Mr. Christopher Peck DDS,justin94@hotmail.com,"466 Cassandra Station, Rachelburgh, Utah, 16050, Belarus","422 Fox Ridge, Paulshire, MA 36185",1381.03,"Mr. Christopher Peck DDS (155683) spent $1381.03 - Contact: justin94@hotmail.com - Addr: 422 Fox Ridge, Paulshire, MA 36185"
480529,Daniel Lucero,timothyblair@garcia.info,"10167 Robert Oval, Heathmouth, Wisconsin, 08700, Timor-Leste","USNS Adams, FPO AE 20790",8737.48,"Daniel Lucero (480529) spent $8737.48 - Contact: timothyblair@garcia.info - Addr: USNS Adams, FPO AE 20790"
919289,Zachary Davis,erica82@yahoo.com,"55414 Fisher Valleys, Lake Ashley, Arkansas, 15296, Pakistan","771 Green Hollow, West Douglasbury, WA 22521",6318.72,"Zachary Davis (919289) spent $6318.72 - Contact: erica82@yahoo.com - Addr: 771 Green Hollow, West Douglasbury, WA 22521"
122886,Katherine Scott,vmeyer@haas.com,"6493 Dunn Rapid, New Jamie, Idaho, 26479, Sudan","098 Alyssa River Apt. 166, Woodberg, CO 49859",13536.08,"Katherine Scott (122886) spent $13536.08 - Contact: vmeyer@haas.com - Addr: 098 Alyssa River Apt. 166, Woodberg, CO 49859"
596402,Katrina Richardson,john62@brown.biz,"8247 Angela Spring, Gainesmouth, Vermont, 01170, Netherlands","8864 Keith Dale, Warrenberg, TX 20266",3412.06,"Katrina Richardson (596402) spent $3412.06 - Contact: john62@brown.biz - Addr: 8864 Keith Dale, Warrenberg, TX 20266"
265528,Lauren Thomas,vasquezcurtis@yahoo.com,"96076 Sheri Spur, Tinashire, Montana, 78505, Sri Lanka","414 Laurie Manor, Hallberg, TN 52243",14269.63,"Lauren Thomas (265528) spent $14269.63 - Contact: vasquezcurtis@yahoo.com - Addr: 414 Laurie Manor, Hallberg, TN 52243"
663233,Frank Ortiz,fostersteven@gmail.com,"269 Alexandra Route, Timothyton, Louisiana, 98579, Maldives","90808 Wayne Springs Apt. 256, West Codytown, OH 99271",6148.32,"Frank Ortiz (663233) spent $6148.32 - Contact: fostersteven@gmail.com - Addr: 90808 Wayne Springs Apt. 256, West Codytown, OH 99271"
370377,Jacob Smith,ericksonjamie@harrison-james.com,"447 Joshua Port, Kingland, California, 87720, Ethiopia","075 Joshua Parkway, Johnsonside, VA 13068",12426.74,"Jacob Smith (370377) spent $12426.74 - Contact: ericksonjamie@harrison-james.com - Addr: 075 Joshua Parkway, Johnsonside, VA 13068"
605682,Thomas Pierce,kristielopez@bradshaw-hurley.net,"0348 Colon Estates, Huangside, Maryland, 01728, Malawi","29737 Tina Centers Apt. 383, Michaelbury, KS 40814",3689.97,"Thomas Pierce (605682) spent $3689.97 - Contact: kristielopez@bradshaw-hurley.net - Addr: 29737 Tina Centers Apt. 383, Michaelbury, KS 40814"
272342,Jennifer Carr,larry90@peterson.biz,"2977 Megan Gateway, Lake Richardmouth, Texas, 41424, Malawi","4550 Velez Fall Suite 273, Robinsonchester, LA 46052",765.29,"Jennifer Carr (272342) spent $765.29 - Contact: larry90@peterson.biz - Addr: 4550 Velez Fall Suite 273, Robinsonchester, LA 46052"
856908,Theresa Hutchinson,djohnson@pope-carr.com,"872 Stephanie Lodge, Paulville, Utah, 20431, Mauritania","71447 Casey Pike Suite 866, Petersonview, OH 83196",14072.73,"Theresa Hutchinson (856908) spent $14072.73 - Contact: djohnson@pope-carr.com - Addr: 71447 Casey Pike Suite 866, Petersonview, OH 83196"
250360,Scott Hoffman,brownchristopher@wright.biz,"19146 Sanders Common, Allenchester, New Hampshire, 84819, Estonia","0850 Angel Mews Apt. 682, West Connie, MN 17212",1900.54,"Scott Hoffman (250360) spent $1900.54 - Contact: brownchristopher@wright.biz - Addr: 0850 Angel Mews Apt. 682, West Connie, MN 17212"
432974,Alvin Butler,rebeccatownsend@johnson.com,"69626 Joseph Rest, Steventon, Tennessee, 19989, Bangladesh","2178 Hill Bypass Suite 503, Wuport, ND 71281",7451.03,"Alvin Butler (432974) spent $7451.03 - Contact: rebeccatownsend@johnson.com - Addr: 2178 Hill Bypass Suite 503, Wuport, ND 71281"
817747,Jessica Price,aaron45@yahoo.com,"078 Jose Highway, Coxshire, Missouri, 35923, Liechtenstein","5683 Foster Manor, East Carolynburgh, WY 64850",6761.1,"Jessica Price (817747) spent $6761.1 - Contact: aaron45@yahoo.com - Addr: 5683 Foster Manor, East Carolynburgh, WY 64850"
497832,Christina Reed,westrobert@gmail.com,"1161 Nicole Trail, Erinchester, New Hampshire, 10694, Iceland","27135 Joshua Orchard Suite 701, Jenniferton, KY 09143",11224.4,"Christina Reed (497832) spent $11224.4 - Contact: westrobert@gmail.com - Addr: 27135 Joshua Orchard Suite 701, Jenniferton, KY 09143"
542012,Valerie Cruz,evanssarah@gmail.com,"8212 Kenneth Mission, East Coryview, West Virginia, 69988, Solomon Islands","930 Armstrong Shoals Apt. 687, Amystad, DC 12462",9031.47,"Valerie Cruz (542012) spent $9031.47 - Contact: evanssarah@gmail.com - Addr: 930 Armstrong Shoals Apt. 687, Amystad, DC 12462"
622344,Lisa Lee,james27@yahoo.com,"54843 Linda Mills, Sandrafurt, Missouri, 50681, Syrian Arab Republic","399 Charles Crescent, South Bradley, MN 21212",9520.49,"Lisa Lee (622344) spent $9520.49 - Contact: james27@yahoo.com - Addr: 399 Charles Crescent, South Bradley, MN 21212"
388198,Stephanie Hunter,knoble@lopez.com,"4403 Arnold Port, Thompsonport, Idaho, 57433, Turkmenistan","091 Justin Prairie, Lake Melissa, RI 93724",8872.03,"Stephanie Hunter (388198) spent $8872.03 - Contact: knoble@lopez.com - Addr: 091 Justin Prairie, Lake Melissa, RI 93724"
674279,Cheryl Wilson,kyleburns@graham.com,"7405 Kevin Union, Codyview, Washington, 37490, Pitcairn Islands","19388 Margaret Extensions Apt. 900, Deniseview, AR 86332",7103.44,"Cheryl Wilson (674279) spent $7103.44 - Contact: kyleburns@graham.com - Addr: 19388 Margaret Extensions Apt. 900, Deniseview, AR 86332"
747152,Tyler Rose,irwinmelissa@hotmail.com,"04467 Kendra Point, South Johnny, Alaska, 47847, Kazakhstan","40253 Mikayla Pike, Aaronmouth, AL 28640",848.4,"Tyler Rose (747152) spent $848.4 - Contact: irwinmelissa@hotmail.com - Addr: 40253 Mikayla Pike, Aaronmouth, AL 28640"
126209,Laura Rich,millerrhonda@snyder-johnson.com,"4465 Ronnie Spring, Port Monicabury, Pennsylvania, 28378, Tonga","755 Jimenez Loop, Joelberg, UT 39456",10423.98,"Laura Rich (126209) spent $10423.98 - Contact: millerrhonda@snyder-johnson.com - Addr: 755 Jimenez Loop, Joelberg, UT 39456"
582319,Jeffrey Rodriguez,laurarose@gmail.com,"0354 Garner Road, Lake Victoria, Georgia, 62702, Norway","97785 Emily Estate Apt. 826, South Timothy, DC 97658",6625.25,"Jeffrey Rodriguez (582319) spent $6625.25 - Contact: laurarose@gmail.com - Addr: 97785 Emily Estate Apt. 826, South Timothy, DC 97658"
728696,Mitchell Flores,michelle18@gmail.com,"9391 Simmons Field, Taylorborough, Virginia, 88948, Vanuatu","0056 Huynh Plaza, South Christopherview, DE 87285",5876.19,"Mitchell Flores (728696) spent $5876.19 - Contact: michelle18@gmail.com - Addr: 0056 Huynh Plaza, South Christopherview, DE 87285"
977739,Jamie Soto,cayala@hotmail.com,"103 Steven Green, Dennisberg, California, 63563, Saint Pierre and Miquelon","851 Bradley Meadow, Michaelfort, GA 73040",1114.87,"Jamie Soto (977739) spent $1114.87 - Contact: cayala@hotmail.com - Addr: 851 Bradley Meadow, Michaelfort, GA 73040"
457067,Keith Wright,johnsonvirginia@richmond.info,"91874 Amanda Island, West Danielborough, Pennsylvania, 37725, Cameroon","8419 Kayla Lake Suite 745, North Ryan, NM 51278",6038.58,"Keith Wright (457067) spent $6038.58 - Contact: johnsonvirginia@richmond.info - Addr: 8419 Kayla Lake Suite 745, North Ryan, NM 51278"
352422,Jerry Harrison,nmoyer@yahoo.com,"6906 Hampton Knolls, Lake Robert, Minnesota, 44208, Netherlands","4474 Hanson Loaf, East Roger, NY 81072",8199.8,"Jerry Harrison (352422) spent $8199.8 - Contact: nmoyer@yahoo.com - Addr: 4474 Hanson Loaf, East Roger, NY 81072"
724124,Donna Rodgers,scottortiz@hotmail.com,"197 Summers Club, South Denise, Missouri, 87067, Guatemala","01134 Robert Parkways, Padillatown, KS 59440",6051.64,"Donna Rodgers (724124) spent $6051.64 - Contact: scottortiz@hotmail.com - Addr: 01134 Robert Parkways, Padillatown, KS 59440"
883566,Joseph Mendoza,martinrobert@gmail.com,"27175 Jason Ports, South Victoriashire, Oklahoma, 90731, Philippines","USNS Taylor, FPO AP 98769",13101.25,"Joseph Mendoza (883566) spent $13101.25 - Contact: martinrobert@gmail.com - Addr: USNS Taylor, FPO AP 98769"
590923,Robert Yang,seanpotts@yahoo.com,"10079 Michelle Landing, Gregoryland, Ohio, 19046, Fiji","11895 Karen Drives Suite 421, Heidifurt, CA 90879",12094.4,"Robert Yang (590923) spent $12094.4 - Contact: seanpotts@yahoo.com - Addr: 11895 Karen Drives Suite 421, Heidifurt, CA 90879"
661815,Sarah Rivera,zcook@hotmail.com,"983 Maria Causeway, Solisstad, Delaware, 44916, Belgium","643 Martin Manors Suite 185, East Tonyaborough, WV 07733",87.42,"Sarah Rivera (661815) spent $87.42 - Contact: zcook@hotmail.com - Addr: 643 Martin Manors Suite 185, East Tonyaborough, WV 07733"
940349,Thomas Romero,imcconnell@gmail.com,"93212 Kristin Loaf, Steventown, Pennsylvania, 95390, Bhutan","445 Robles Spur, Angelafort, DC 78093",9781.47,"Thomas Romero (940349) spent $9781.47 - Contact: imcconnell@gmail.com - Addr: 445 Robles Spur, Angelafort, DC 78093"
228537,Alicia Stevens,gloriamartin@gmail.com,"50450 Julia Canyon, Christopherview, Kansas, 34235, Macao","2034 Dustin Garden, Williamsmouth, WA 80969",13513.53,"Alicia Stevens (228537) spent $13513.53 - Contact: gloriamartin@gmail.com - Addr: 2034 Dustin Garden, Williamsmouth, WA 80969"
311406,Leslie Mills,xburch@hotmail.com,"51887 Bates Pass, Barronmouth, Montana, 28079, Egypt","125 Heather Forest, East Cheryl, MA 36756",6618.99,"Leslie Mills (311406) spent $6618.99 - Contact: xburch@hotmail.com - Addr: 125 Heather Forest, East Cheryl, MA 36756"
718449,April Rubio,kimmurray@potts-cruz.com,"091 Christine Canyon, New Samanthashire, Missouri, 25310, India","250 Morris Brook, Annefort, ME 70205",4098.41,"April Rubio (718449) spent $4098.41 - Contact: kimmurray@potts-cruz.com - Addr: 250 Morris Brook, Annefort, ME 70205"
195881,Zachary Davis,phillipstimothy@hotmail.com,"065 Moore Dam, Lake Denisefort, Wisconsin, 41180, British Virgin Islands","229 Donald Freeway Apt. 860, Krystalborough, KY 47955",471.06,"Zachary Davis (195881) spent $471.06 - Contact: phillipstimothy@hotmail.com - Addr: 229 Donald Freeway Apt. 860, Krystalborough, KY 47955"
179415,Maria Leblanc,taylorrebecca@gmail.com,"928 Laura Vista, West Amanda, California, 81984, Congo","8820 Meyer Road Suite 848, Stevenmouth, AL 96145",1184.25,"Maria Leblanc (179415) spent $1184.25 - Contact: taylorrebecca@gmail.com - Addr: 8820 Meyer Road Suite 848, Stevenmouth, AL 96145"
724945,Steven Jones,shawnayork@cobb.com,"14162 Mooney Mountain, Lake Sharonfort, Florida, 40837, Norfolk Island","7470 Young Center, Pricechester, AL 24123",3109.72,"Steven Jones (724945) spent $3109.72 - Contact: shawnayork@cobb.com - Addr: 7470 Young Center, Pricechester, AL 24123"
624023,Diana Willis,maxwelltimothy@gmail.com,"904 Phillip Extension, West Destinyside, Alabama, 95785, Korea","90199 Lee Unions, Hernandezton, UT 92806",9217.37,"Diana Willis (624023) spent $9217.37 - Contact: maxwelltimothy@gmail.com - Addr: 90199 Lee Unions, Hernandezton, UT 92806"
153349,Jacob Wilcox,felicia61@taylor.info,"4515 James Lake, Johnton, New Mexico, 40092, Saint Lucia","017 Moore Fords Apt. 121, New Lindsay, SD 51612",4697.53,"Jacob Wilcox (153349) spent $4697.53 - Contact: felicia61@taylor.info - Addr: 017 Moore Fords Apt. 121, New Lindsay, SD 51612"
996837,Maria Andrews,geraldreyes@peters.com,"43243 Stephanie Shoals, North Michael, Washington, 77263, Greenland","831 Barry Terrace Suite 697, Port Ianbury, WY 09689",10077.97,"Maria Andrews (996837) spent $10077.97 - Contact: geraldreyes@peters.com - Addr: 831 Barry Terrace Suite 697, Port Ianbury, WY 09689"
627516,Stacy Wilson,adamroberts@mendoza.com,"6775 Kemp Motorway, New Patrick, New Jersey, 61987, India","79284 Timothy Pike, Karenbury, TX 79338",6624.09,"Stacy Wilson (627516) spent $6624.09 - Contact: adamroberts@mendoza.com - Addr: 79284 Timothy Pike, Karenbury, TX 79338"
560082,Joshua Hunter,christopherwhite@yahoo.com,"51136 Henson Crossroad, Richardsberg, Montana, 61867, Estonia","89728 Stephanie Radial Apt. 712, Meyerport, MA 94834",9349.62,"Joshua Hunter (560082) spent $9349.62 - Contact: christopherwhite@yahoo.com - Addr: 89728 Stephanie Radial Apt. 712, Meyerport, MA 94834"
116359,Timothy Madden,kevin84@bradley.biz,"509 Dwayne Square, Port Kenneth, Florida, 15674, Sao Tome and Principe","57829 Padilla Spring Apt. 009, South Hannah, OK 08518",5186.93,"Timothy Madden (116359) spent $5186.93 - Contact: kevin84@bradley.biz - Addr: 57829 Padilla Spring Apt. 009, South Hannah, OK 08518"
376854,Brandon Bass,craig85@hotmail.com,"8762 Clark Corners, Lake James, Hawaii, 72521, Uganda","14436 Garrett Forest Suite 782, Riverafurt, CO 54139",264.86,"Brandon Bass (376854) spent $264.86 - Contact: craig85@hotmail.com - Addr: 14436 Garrett Forest Suite 782, Riverafurt, CO 54139"
567858,Cynthia Garza,ozamora@hotmail.com,"16172 Perkins Cliffs, Floreshaven, Virginia, 75788, Costa Rica","622 Rogers Spurs, Lisaview, NJ 91074",351.79,"Cynthia Garza (567858) spent $351.79 - Contact: ozamora@hotmail.com - Addr: 622 Rogers Spurs, Lisaview, NJ 91074"
485350,Robert Stevenson,michael94@smith.com,"935 Harris Summit, Ramosport, New Jersey, 40270, Western Sahara","155 Heidi Throughway Suite 916, Lake Ryanville, OK 68552",2738.83,"Robert Stevenson (485350) spent $2738.83 - Contact: michael94@smith.com - Addr: 155 Heidi Throughway Suite 916, Lake Ryanville, OK 68552"
829777,Traci Hanson,huertaclinton@taylor.com,"768 Perry Flat, Barbarastad, Louisiana, 65452, Malta","595 Diana Ways, Osborneview, SD 32283",963.83,"Traci Hanson (829777) spent $963.83 - Contact: huertaclinton@taylor.com - Addr: 595 Diana Ways, Osborneview, SD 32283"
449601,Heather Brady DVM,nicole52@sanchez.com,"204 Kristen Expressway, Hollyburgh, Tennessee, 94388, Kuwait","PSC 1905, Box 7129, APO AE 15167",12413.09,"Heather Brady DVM (449601) spent $12413.09 - Contact: nicole52@sanchez.com - Addr: PSC 1905, Box 7129, APO AE 15167"
662464,Ryan Turner,kristinarivera@hotmail.com,"16187 Andrew Extensions, Port Melinda, Hawaii, 63510, Gabon","836 Harrison Squares Suite 672, Montgomeryport, NH 11310",13565.62,"Ryan Turner (662464) spent $13565.62 - Contact: kristinarivera@hotmail.com - Addr: 836 Harrison Squares Suite 672, Montgomeryport, NH 11310"
228247,David Lopez,kennedyamber@edwards-perez.com,"24001 Kevin Mill, North Anthonymouth, New Mexico, 74286, Yemen","4791 Barnes Plains, Amandahaven, IN 41025",1938.41,"David Lopez (228247) spent $1938.41 - Contact: kennedyamber@edwards-perez.com - Addr: 4791 Barnes Plains, Amandahaven, IN 41025"
868163,Christopher Pace,ecox@yahoo.com,"35009 Diana Club, East Cole, Arkansas, 51969, Burkina Faso","582 Delgado Ferry Apt. 156, New Karen, KS 49300",1641.23,"Christopher Pace (868163) spent $1641.23 - Contact: ecox@yahoo.com - Addr: 582 Delgado Ferry Apt. 156, New Karen, KS 49300"
405283,Jorge Boyd,beanbrian@yahoo.com,"00029 Jones Lodge, South Leslieberg, California, 63012, Kyrgyz Republic","62880 Brian Gardens Suite 002, Andersontown, TN 54772",8496.41,"Jorge Boyd (405283) spent $8496.41 - Contact: beanbrian@yahoo.com - Addr: 62880 Brian Gardens Suite 002, Andersontown, TN 54772"
287981,Marie Baker,dianakennedy@gmail.com,"189 Baxter Highway, Lake Davidhaven, Wyoming, 87120, Korea","10223 Gray Pike, Brentburgh, AZ 20066",8056.11,"Marie Baker (287981) spent $8056.11 - Contact: dianakennedy@gmail.com - Addr: 10223 Gray Pike, Brentburgh, AZ 20066"
775275,Bryan Willis PhD,johnmason@gmail.com,"041 Michelle Mission, Lake Rebecca, California, 88566, British Virgin Islands","72067 Patrick Plains, East Emilyhaven, OK 56986",12234.43,"Bryan Willis PhD (775275) spent $12234.43 - Contact: johnmason@gmail.com - Addr: 72067 Patrick Plains, East Emilyhaven, OK 56986"
110929,Christopher Joyce,barnesjerry@hotmail.com,"01338 Laura Village, North Matthewfort, Georgia, 56652, Sao Tome and Principe","64741 Kimberly Road Apt. 420, Mcdonaldville, WI 65466",8563.44,"Christopher Joyce (110929) spent $8563.44 - Contact: barnesjerry@hotmail.com - Addr: 64741 Kimberly Road Apt. 420, Mcdonaldville, WI 65466"
990025,William Anderson,kguzman@hotmail.com,"664 Davidson Mills, Port Megan, Colorado, 92824, Liberia","USNS Harrison, FPO AE 67408",1069.76,"William Anderson (990025) spent $1069.76 - Contact: kguzman@hotmail.com - Addr: USNS Harrison, FPO AE 67408"
609477,Mary Ware,hcampbell@allen.org,"04588 Sharp Mountain, Arnoldton, Colorado, 27175, Bahrain","89820 Bowman Springs, Port Rachelland, OR 17092",313.96,"Mary Ware (609477) spent $313.96 - Contact: hcampbell@allen.org - Addr: 89820 Bowman Springs, Port Rachelland, OR 17092"
377862,Danielle Avery,ydaniels@gmail.com,"85178 Long Manors, Mcfarlandhaven, Montana, 22333, Chile","55372 Torres Place Apt. 047, Amandabury, GA 91793",10526.17,"Danielle Avery (377862) spent $10526.17 - Contact: ydaniels@gmail.com - Addr: 55372 Torres Place Apt. 047, Amandabury, GA 91793"
319918,Sheila Jones,zriddle@gmail.com,"0735 Rogers Harbors, Gallegosstad, Nebraska, 30314, Bulgaria","128 Jackson Harbor Apt. 847, Russellhaven, AK 98903",14677.37,"Sheila Jones (319918) spent $14677.37 - Contact: zriddle@gmail.com - Addr: 128 Jackson Harbor Apt. 847, Russellhaven, AK 98903"
205175,Brenda Johnson,grantchristopher@yahoo.com,"813 Chapman Club, South Anthony, Iowa, 89733, Philippines","3980 Carroll Roads Suite 010, Ritterbury, SD 98877",11182.88,"Brenda Johnson (205175) spent $11182.88 - Contact: grantchristopher@yahoo.com - Addr: 3980 Carroll Roads Suite 010, Ritterbury, SD 98877"
194775,Alison Williams,paige08@yahoo.com,"587 Riddle Curve, South Colleenside, New York, 03115, Philippines","Unit 9242 Box 6927, DPO AE 32411",9513.84,"Alison Williams (194775) spent $9513.84 - Contact: paige08@yahoo.com - Addr: Unit 9242 Box 6927, DPO AE 32411"
317519,Andrew Morgan,caldwellkenneth@gmail.com,"809 Young Hill, Raymondville, New Mexico, 25875, Albania","8163 Joseph Mountain Suite 177, Lake Evan, MN 89172",13370.8,"Andrew Morgan (317519) spent $13370.8 - Contact: caldwellkenneth@gmail.com - Addr: 8163 Joseph Mountain Suite 177, Lake Evan, MN 89172"
260597,Antonio Burton,campbellgabrielle@stanley.org,"6813 Michael Valleys, Kingburgh, Minnesota, 90398, Panama","079 Thomas Mountain, Kramerhaven, SC 47040",6142.4,"Antonio Burton (260597) spent $6142.4 - Contact: campbellgabrielle@stanley.org - Addr: 079 Thomas Mountain, Kramerhaven, SC 47040"
651894,Sean Harmon,colonwesley@gmail.com,"995 Sims Rue, Michaelshire, New Hampshire, 64421, Bahrain","37001 Smith Fall, Matthewhaven, NY 45514",8979.28,"Sean Harmon (651894) spent $8979.28 - Contact: colonwesley@gmail.com - Addr: 37001 Smith Fall, Matthewhaven, NY 45514"
718042,Wanda Jackson,thomasturner@hotmail.com,"42490 Sheri Light, Murphyberg, South Carolina, 05309, Moldova","Unit 3695 Box 0068, DPO AA 07427",8896.11,"Wanda Jackson (718042) spent $8896.11 - Contact: thomasturner@hotmail.com - Addr: Unit 3695 Box 0068, DPO AA 07427"
971638,Emily Travis,janetgrimes@gmail.com,"13353 Samuel Mountain, Lake Andrew, Iowa, 23895, Senegal","03647 Wanda Lodge Apt. 581, New Jenniferstad, WY 93558",5504.41,"Emily Travis (971638) spent $5504.41 - Contact: janetgrimes@gmail.com - Addr: 03647 Wanda Lodge Apt. 581, New Jenniferstad, WY 93558"
402251,Jack Mcdonald,daniellegarcia@yahoo.com,"9560 Scott Inlet, Courtneyburgh, Iowa, 51728, Seychelles","07230 Donaldson Ridges Suite 427, Bradmouth, TX 02134",7983.44,"Jack Mcdonald (402251) spent $7983.44 - Contact: daniellegarcia@yahoo.com - Addr: 07230 Donaldson Ridges Suite 427, Bradmouth, TX 02134"
965020,Lisa Payne,stewartgary@gmail.com,"90313 Bennett Club, North Deborah, Wisconsin, 52948, Burundi","4967 Sarah Canyon Apt. 099, Walkerberg, NC 84947",8325.48,"Lisa Payne (965020) spent $8325.48 - Contact: stewartgary@gmail.com - Addr: 4967 Sarah Canyon Apt. 099, Walkerberg, NC 84947"
905390,Madeline Parker,birderic@hotmail.com,"6022 Huynh Loop, Turnermouth, Idaho, 44335, Timor-Leste","USS Coleman, FPO AE 46840",179.39,"Madeline Parker (905390) spent $179.39 - Contact: birderic@hotmail.com - Addr: USS Coleman, FPO AE 46840"
513814,Lori Romero,kelly82@yahoo.com,"710 Deanna Passage, Lake Suzannemouth, Washington, 02806, Timor-Leste","04067 Dean Pine Apt. 509, Woodsmouth, DE 72978",3222.97,"Lori Romero (513814) spent $3222.97 - Contact: kelly82@yahoo.com - Addr: 04067 Dean Pine Apt. 509, Woodsmouth, DE 72978"
731516,Justin Page,pamelamoon@hotmail.com,"53309 Dougherty Squares, Danielview, Ohio, 53483, Slovenia","806 Haynes Fort, Michealbury, AZ 74220",293.02,"Justin Page (731516) spent $293.02 - Contact: pamelamoon@hotmail.com - Addr: 806 Haynes Fort, Michealbury, AZ 74220"
219798,Holly Glass,kevinrichardson@hanson-proctor.org,"96969 Davis Fort, Ericaberg, Louisiana, 28660, Reunion","957 Timothy Junction Suite 745, Burnettview, LA 06992",6573.06,"Holly Glass (219798) spent $6573.06 - Contact: kevinrichardson@hanson-proctor.org - Addr: 957 Timothy Junction Suite 745, Burnettview, LA 06992"
954362,Jeffrey Munoz,geraldfitzgerald@nguyen.com,"046 Kayla Meadow, Jerryburgh, South Dakota, 59601, Gambia","USNS Young, FPO AP 89436",11862.42,"Jeffrey Munoz (954362) spent $11862.42 - Contact: geraldfitzgerald@nguyen.com - Addr: USNS Young, FPO AP 89436"
444212,Tracy Blackwell,iperry@yahoo.com,"04877 Allen Prairie, Evelynfort, Kansas, 95631, Maldives","0185 Kim Spur Suite 461, Port Mark, HI 87967",1533.05,"Tracy Blackwell (444212) spent $1533.05 - Contact: iperry@yahoo.com - Addr: 0185 Kim Spur Suite 461, Port Mark, HI 87967"
935182,Ashley Martinez,kellyluna@burns.com,"28243 Brewer Falls, Williamsview, Rhode Island, 93989, Denmark","Unit 8434 Box 3777, DPO AP 04954",8056.86,"Ashley Martinez (935182) spent $8056.86 - Contact: kellyluna@burns.com - Addr: Unit 8434 Box 3777, DPO AP 04954"
413344,Heather Wong,qpatel@thompson.org,"51500 Jessica Inlet, East Jordan, Texas, 72237, Mexico","678 Gonzalez Valleys Apt. 434, Jerryburgh, WA 13025",570.15,"Heather Wong (413344) spent $570.15 - Contact: qpatel@thompson.org - Addr: 678 Gonzalez Valleys Apt. 434, Jerryburgh, WA 13025"
423402,Jeffrey Wilkins,vwhite@hotmail.com,"859 Jason Plaza, New Michaelside, Illinois, 09334, Brunei Darussalam","37653 Sarah Field Suite 597, West Williamton, HI 47640",13786.33,"Jeffrey Wilkins (423402) spent $13786.33 - Contact: vwhite@hotmail.com - Addr: 37653 Sarah Field Suite 597, West Williamton, HI 47640"
288270,Thomas Fox,brandyberg@white-klein.com,"376 Lopez Corners, New Johnfort, South Dakota, 68067, Reunion","0175 Hall Port Suite 317, North Joseph, MN 85976",3826.04,"Thomas Fox (288270) spent $3826.04 - Contact: brandyberg@white-klein.com - Addr: 0175 Hall Port Suite 317, North Joseph, MN 85976"
286991,David Schmitt,jenniferbrown@carter-kirby.biz,"08325 Lambert Crescent, Traceyside, Oregon, 77631, Equatorial Guinea","1858 Geoffrey Lakes Apt. 103, South Judithfort, OK 58874",13621.58,"David Schmitt (286991) spent $13621.58 - Contact: jenniferbrown@carter-kirby.biz - Addr: 1858 Geoffrey Lakes Apt. 103, South Judithfort, OK 58874"
983350,Kimberly Jacobs,tracy79@chavez-lane.com,"4588 Tiffany Villages, New Michaelstad, North Dakota, 53430, Venezuela","USNS Taylor, FPO AA 97951",14596.07,"Kimberly Jacobs (983350) spent $14596.07 - Contact: tracy79@chavez-lane.com - Addr: USNS Taylor, FPO AA 97951"
117676,Erin Murphy,roger28@wade.com,"79200 Norton Meadow, New Andrewview, Tennessee, 03804, Turkmenistan","USCGC Fox, FPO AA 11513",540.51,"Erin Murphy (117676) spent $540.51 - Contact: roger28@wade.com - Addr: USCGC Fox, FPO AA 11513"
257792,Ashlee Sheppard,llucas@greene-riley.com,"6750 Young Crossing, Morseside, Arkansas, 21535, Solomon Islands","274 Williams Course Suite 798, Lake Haileyton, NE 36408",10127.29,"Ashlee Sheppard (257792) spent $10127.29 - Contact: llucas@greene-riley.com - Addr: 274 Williams Course Suite 798, Lake Haileyton, NE 36408"
851072,Christina Hogan,allisonquinn@robertson.com,"900 David Field, East Harold, South Carolina, 11242, Liberia","0392 Spears Summit Apt. 125, South Patriciaport, AL 11736",11535.36,"Christina Hogan (851072) spent $11535.36 - Contact: allisonquinn@robertson.com - Addr: 0392 Spears Summit Apt. 125, South Patriciaport, AL 11736"
838834,Christopher Cox,kinglaura@tapia-montoya.com,"2227 Donna Squares, Port Richardhaven, Indiana, 03835, Venezuela","4214 Stephanie Divide Suite 363, Spencerfurt, NJ 86965",4683.08,"Christopher Cox (838834) spent $4683.08 - Contact: kinglaura@tapia-montoya.com - Addr: 4214 Stephanie Divide Suite 363, Spencerfurt, NJ 86965"
177098,Joseph Rivera,taylorlaura@gmail.com,"62778 Glenn Common, Jasonton, Alabama, 60141, Cameroon","886 Robin Mission, South Nicole, CA 17206",3800.52,"Joseph Rivera (177098) spent $3800.52 - Contact: taylorlaura@gmail.com - Addr: 886 Robin Mission, South Nicole, CA 17206"
471198,Veronica Johnson,eric13@brown-hull.com,"01893 Burnett Harbors, Benjaminshire, Illinois, 74299, Guernsey","1477 Byrd Flats Suite 772, Russellview, AK 89354",2118.34,"Veronica Johnson (471198) spent $2118.34 - Contact: eric13@brown-hull.com - Addr: 1477 Byrd Flats Suite 772, Russellview, AK 89354"
825895,Carla Smith,holly23@cole.com,"28802 Wood Greens, Carrieton, Florida, 61963, Bolivia","48807 Smith Run Suite 321, Lisaburgh, NC 98667",1176.45,"Carla Smith (825895) spent $1176.45 - Contact: holly23@cole.com - Addr: 48807 Smith Run Suite 321, Lisaburgh, NC 98667"
473740,Stacy Aguilar,lisa94@rogers.com,"259 Felicia Spurs, Mendozafurt, California, 95672, Afghanistan","14810 Medina Well, Saundersside, KY 74463",10777.14,"Stacy Aguilar (473740) spent $10777.14 - Contact: lisa94@rogers.com - Addr: 14810 Medina Well, Saundersside, KY 74463"
921838,Jonathan Sanchez,jcallahan@price.com,"42377 Charles Place, Scottfurt, Nebraska, 64994, Faroe Islands","508 Joseph Station, Medinaport, TN 41075",13833.4,"Jonathan Sanchez (921838) spent $13833.4 - Contact: jcallahan@price.com - Addr: 508 Joseph Station, Medinaport, TN 41075"
266379,Beverly Mills,nicole32@bell.com,"547 Guzman Light, Hardyburgh, Alaska, 98794, Chile","PSC 8369, Box 7998, APO AE 71077",5749.23,"Beverly Mills (266379) spent $5749.23 - Contact: nicole32@bell.com - Addr: PSC 8369, Box 7998, APO AE 71077"
275418,Angela Wilkinson,hooverrobert@romero.biz,"451 Benjamin Mission, Jasonchester, North Carolina, 10000, Finland","7062 Garcia Trail Suite 911, North Davidfurt, KS 12355",5027.01,"Angela Wilkinson (275418) spent $5027.01 - Contact: hooverrobert@romero.biz - Addr: 7062 Garcia Trail Suite 911, North Davidfurt, KS 12355"
830393,Tracey Thompson,cindymartin@yahoo.com,"5619 Jessica Tunnel, Kevinshire, California, 92705, Israel","Unit 0039 Box 1398, DPO AP 31237",8813.02,"Tracey Thompson (830393) spent $8813.02 - Contact: cindymartin@yahoo.com - Addr: Unit 0039 Box 1398, DPO AP 31237"
759018,Dennis Luna,kochcassandra@yahoo.com,"85143 Saunders Estate, Martinchester, Nebraska, 55347, Ireland","5159 Jeremy Meadow Apt. 537, Markland, MT 70862",1091.61,"Dennis Luna (759018) spent $1091.61 - Contact: kochcassandra@yahoo.com - Addr: 5159 Jeremy Meadow Apt. 537, Markland, MT 70862"
422170,Kylie Howard,stephen55@dominguez.net,"49902 Clark Trail, Coxborough, Connecticut, 87267, Saint Martin","06362 West Throughway, Grantburgh, OH 64007",2456.12,"Kylie Howard (422170) spent $2456.12 - Contact: stephen55@dominguez.net - Addr: 06362 West Throughway, Grantburgh, OH 64007"
505670,Lindsey Reed,myates@baxter.com,"02932 Amy Bridge, Loristad, Arizona, 61021, Portugal","Unit 6190 Box 8341, DPO AP 20675",282.17,"Lindsey Reed (505670) spent $282.17 - Contact: myates@baxter.com - Addr: Unit 6190 Box 8341, DPO AP 20675"
214698,Carrie Duncan,zjones@gmail.com,"50107 Smith Plain, South Bethany, Michigan, 32325, Spain","191 Edwards Manor, North Jasonshire, TN 24976",13974.09,"Carrie Duncan (214698) spent $13974.09 - Contact: zjones@gmail.com - Addr: 191 Edwards Manor, North Jasonshire, TN 24976"
719252,Amanda Rios,danielgates@morse-davis.com,"909 Kurt Circle, Johnside, Connecticut, 56015, New Caledonia","72427 Williams Circles, East Seanhaven, VA 75435",262.76,"Amanda Rios (719252) spent $262.76 - Contact: danielgates@morse-davis.com - Addr: 72427 Williams Circles, East Seanhaven, VA 75435"
777076,Elizabeth Montes,nrobinson@gmail.com,"921 Hayes Square, Erikaborough, Idaho, 97291, Mali","1938 Campbell Ports Apt. 928, Danielburgh, ME 60431",8542.51,"Elizabeth Montes (777076) spent $8542.51 - Contact: nrobinson@gmail.com - Addr: 1938 Campbell Ports Apt. 928, Danielburgh, ME 60431"
104865,Courtney Stone,jennifer31@hotmail.com,"617 Gill Parkway, Blaketon, Mississippi, 47829, Azerbaijan","90273 Brian Summit Apt. 772, Lake Danielstad, IN 05818",10069.73,"Courtney Stone (104865) spent $10069.73 - Contact: jennifer31@hotmail.com - Addr: 90273 Brian Summit Apt. 772, Lake Danielstad, IN 05818"
137233,Gregory Dalton,osnyder@hotmail.com,"9980 Summers Club, New Annborough, South Carolina, 12858, United States Minor Outlying Islands","1592 Martinez Hollow Suite 149, East Zachary, ID 35669",2139.18,"Gregory Dalton (137233) spent $2139.18 - Contact: osnyder@hotmail.com - Addr: 1592 Martinez Hollow Suite 149, East Zachary, ID 35669"
872048,Debra Johnson,stephanielogan@yahoo.com,"822 Wang Rapid, Lake Brian, Illinois, 27083, United States Virgin Islands","1365 Gonzalez Valley Apt. 043, Perryhaven, IN 21098",1066.65,"Debra Johnson (872048) spent $1066.65 - Contact: stephanielogan@yahoo.com - Addr: 1365 Gonzalez Valley Apt. 043, Perryhaven, IN 21098"
807833,Patrick Moran MD,gabrielle22@gmail.com,"8940 David Ports, Bennettbury, Delaware, 81397, Paraguay","74156 Jennifer Shores Suite 946, Port Davidshire, KY 44109",534.43,"Patrick Moran MD (807833) spent $534.43 - Contact: gabrielle22@gmail.com - Addr: 74156 Jennifer Shores Suite 946, Port Davidshire, KY 44109"
462885,Shannon Stephens,amanda58@campbell.com,"050 Mills Heights, Erikafort, Iowa, 31278, Colombia","879 Butler Union, Aarontown, VA 18418",1002.62,"Shannon Stephens (462885) spent $1002.62 - Contact: amanda58@campbell.com - Addr: 879 Butler Union, Aarontown, VA 18418"
684386,Emily Gomez,bchapman@hotmail.com,"4999 Buchanan Alley, North Briannachester, Rhode Island, 52717, Afghanistan","273 Moore Turnpike Suite 945, East Erinbury, ND 10673",13054.97,"Emily Gomez (684386) spent $13054.97 - Contact: bchapman@hotmail.com - Addr: 273 Moore Turnpike Suite 945, East Erinbury, ND 10673"
459208,Amber Wells,bsteele@yahoo.com,"939 Kevin Stravenue, New Rogershire, Connecticut, 76080, Sudan","601 Deborah Common, Lake Brittanyton, NH 07165",7749.47,"Amber Wells (459208) spent $7749.47 - Contact: bsteele@yahoo.com - Addr: 601 Deborah Common, Lake Brittanyton, NH 07165"
811405,William Weber,apatterson@yahoo.com,"4200 Joseph Springs, Brendaview, Idaho, 59519, Saint Kitts and Nevis","6233 Ross Knoll Suite 253, Herrerabury, TX 52703",12639.85,"William Weber (811405) spent $12639.85 - Contact: apatterson@yahoo.com - Addr: 6233 Ross Knoll Suite 253, Herrerabury, TX 52703"
518727,Ashley Norris,rjohnson@yahoo.com,"84204 Medina Divide, Jaredside, New Mexico, 72678, Togo","2498 Chelsea Mountains Suite 033, Lake Scott, TN 61467",8198.68,"Ashley Norris (518727) spent $8198.68 - Contact: rjohnson@yahoo.com - Addr: 2498 Chelsea Mountains Suite 033, Lake Scott, TN 61467"
439889,Jonathan Kim,meltoncaitlin@white-lopez.info,"07670 Dominguez Avenue, Hollyland, Indiana, 71703, Armenia","994 Edwards Cliffs, East Briana, AL 53035",13940.48,"Jonathan Kim (439889) spent $13940.48 - Contact: meltoncaitlin@white-lopez.info - Addr: 994 Edwards Cliffs, East Briana, AL 53035"
288335,Dennis Ruiz,walkerrichard@spencer-mcclure.org,"61475 Erika Club, West Angela, Alabama, 58457, Netherlands","752 Christensen Harbors, Samuelfurt, LA 40559",12112.63,"Dennis Ruiz (288335) spent $12112.63 - Contact: walkerrichard@spencer-mcclure.org - Addr: 752 Christensen Harbors, Samuelfurt, LA 40559"
101987,Carol White,michelle18@brown.com,"5754 Jordan Place, Lake Edwardport, Kansas, 06990, Ireland","PSC 8799, Box 0819, APO AE 07628",2058.11,"Carol White (101987) spent $2058.11 - Contact: michelle18@brown.com - Addr: PSC 8799, Box 0819, APO AE 07628"
813113,Alisha Pena,peggybell@oconnor.org,"0604 Christine Mountain, Lake David, Texas, 14324, Tokelau","384 Jeremy Forks, Braunbury, ME 03776",1738.2,"Alisha Pena (813113) spent $1738.2 - Contact: peggybell@oconnor.org - Addr: 384 Jeremy Forks, Braunbury, ME 03776"
582104,Jenna Daniels,cookjeremy@jones.com,"43616 Haynes Heights, Mariaborough, South Dakota, 36467, Sudan","9296 Gilbert Land Apt. 871, South Alicia, NJ 38056",10888.11,"Jenna Daniels (582104) spent $10888.11 - Contact: cookjeremy@jones.com - Addr: 9296 Gilbert Land Apt. 871, South Alicia, NJ 38056"
140563,Tyrone Collins,phamdeanna@gmail.com,"0261 Brianna Harbor, East Sarahmouth, Maine, 14953, Finland","5430 Aaron Inlet, Lake James, ID 09194",6355.76,"Tyrone Collins (140563) spent $6355.76 - Contact: phamdeanna@gmail.com - Addr: 5430 Aaron Inlet, Lake James, ID 09194"
458242,Michael Schroeder,samanthafloyd@hotmail.com,"2435 Martinez Route, Karenfort, North Carolina, 60364, Mozambique","653 Larson Walk, North Thomas, OR 83838",9575.89,"Michael Schroeder (458242) spent $9575.89 - Contact: samanthafloyd@hotmail.com - Addr: 653 Larson Walk, North Thomas, OR 83838"
990246,Toni Thompson,lmartinez@holt.info,"479 Pruitt Vista, Smithberg, Illinois, 15903, Cape Verde","712 Davis Lane Suite 915, Reedport, MI 06102",9250.73,"Toni Thompson (990246) spent $9250.73 - Contact: lmartinez@holt.info - Addr: 712 Davis Lane Suite 915, Reedport, MI 06102"
346222,Laura Griffith,luispierce@thomas.com,"39563 Spears Walks, Murraytown, Louisiana, 03084, Egypt","66030 Mays Terrace Suite 202, Lake Becky, MN 60671",6699.16,"Laura Griffith (346222) spent $6699.16 - Contact: luispierce@thomas.com - Addr: 66030 Mays Terrace Suite 202, Lake Becky, MN 60671"
521492,Victor Melendez,stephencampbell@smith.biz,"96769 Angela Fort, Lewisfurt, West Virginia, 08943, Svalbard & Jan Mayen Islands","03594 Griffith Roads Suite 535, New Sylvia, NH 78012",1051.6,"Victor Melendez (521492) spent $1051.6 - Contact: stephencampbell@smith.biz - Addr: 03594 Griffith Roads Suite 535, New Sylvia, NH 78012"
694346,James Martin,fritzmark@wu.biz,"1269 Jeffrey Corners, Johnfurt, Hawaii, 96723, French Southern Territories","207 Nathaniel Square, South Stephanieport, CO 87460",1092.8,"James Martin (694346) spent $1092.8 - Contact: fritzmark@wu.biz - Addr: 207 Nathaniel Square, South Stephanieport, CO 87460"
370594,Mrs. Monique Reid,andrewsdavid@yahoo.com,"4848 Heather Causeway, Kaylaborough, Colorado, 18896, Ethiopia","413 Smith Hills Apt. 868, Zimmermanborough, PA 19100",14210.31,"Mrs. Monique Reid (370594) spent $14210.31 - Contact: andrewsdavid@yahoo.com - Addr: 413 Smith Hills Apt. 868, Zimmermanborough, PA 19100"
119740,Mary Foster,alanwilliams@gmail.com,"84337 Carrie Circle, South Elizabethburgh, Minnesota, 96243, Bouvet Island (Bouvetoya)","34819 Joanna Causeway Apt. 937, North Christopher, NJ 69133",191.87,"Mary Foster (119740) spent $191.87 - Contact: alanwilliams@gmail.com - Addr: 34819 Joanna Causeway Apt. 937, North Christopher, NJ 69133"
777853,Mary Murphy,mlopez@yahoo.com,"63771 Amy Oval, New Sarah, Georgia, 30947, Honduras","2607 Amy Groves Suite 252, Thorntonburgh, OR 35065",108.1,"Mary Murphy (777853) spent $108.1 - Contact: mlopez@yahoo.com - Addr: 2607 Amy Groves Suite 252, Thorntonburgh, OR 35065"
630844,Tanya Wilson,osbornetina@farmer.com,"6490 Rhonda Isle, Rowlandland, Wisconsin, 17289, Uganda","1480 Joel Ridge, South Zacharyberg, MI 93460",5004.46,"Tanya Wilson (630844) spent $5004.46 - Contact: osbornetina@farmer.com - Addr: 1480 Joel Ridge, South Zacharyberg, MI 93460"
581116,Robin Bailey,samanthawong@santos-valdez.com,"43833 Walker Inlet, Moyershire, Arkansas, 39955, Samoa","USCGC Webb, FPO AA 67095",14247.66,"Robin Bailey (581116) spent $14247.66 - Contact: samanthawong@santos-valdez.com - Addr: USCGC Webb, FPO AA 67095"
676985,Timothy Brock,olsengina@hotmail.com,"425 Hansen Turnpike, Lydiaberg, Oklahoma, 09839, Guyana","988 Cook Forges Apt. 012, North Nicholasshire, KY 18504",5644.13,"Timothy Brock (676985) spent $5644.13 - Contact: olsengina@hotmail.com - Addr: 988 Cook Forges Apt. 012, North Nicholasshire, KY 18504"
758156,Adrienne Ramirez,phall@hotmail.com,"416 Gay Oval, Mayston, Washington, 83872, Madagascar","063 Rios Island, Lake James, NE 79557",2615.86,"Adrienne Ramirez (758156) spent $2615.86 - Contact: phall@hotmail.com - Addr: 063 Rios Island, Lake James, NE 79557"
105931,Richard Smith,uortiz@yahoo.com,"3438 Carlos Garden, Port Christophershire, Ohio, 18612, Pitcairn Islands","964 Howard Ports Apt. 181, Sarahhaven, ME 47880",6423.28,"Richard Smith (105931) spent $6423.28 - Contact: uortiz@yahoo.com - Addr: 964 Howard Ports Apt. 181, Sarahhaven, ME 47880"
681001,Steven Morris,helen60@wright.net,"97233 Moss Well, Lauramouth, Alabama, 92735, Pitcairn Islands","Unit 3260 Box 8901, DPO AE 87298",6661.83,"Steven Morris (681001) spent $6661.83 - Contact: helen60@wright.net - Addr: Unit 3260 Box 8901, DPO AE 87298"
364291,Elizabeth Gross,stacyroman@yahoo.com,"2331 Adam Radial, Port Sarahberg, Louisiana, 91523, Ethiopia","507 Padilla Trail Suite 720, South Crystal, MN 30108",296.61,"Elizabeth Gross (364291) spent $296.61 - Contact: stacyroman@yahoo.com - Addr: 507 Padilla Trail Suite 720, South Crystal, MN 30108"
261751,Jaime Wood,hcox@mata-ball.biz,"8949 Barry Forks, Port Nicole, Alaska, 81406, Ethiopia","878 French Drive Suite 445, Petersonland, WY 31912",14783.7,"Jaime Wood (261751) spent $14783.7 - Contact: hcox@mata-ball.biz - Addr: 878 French Drive Suite 445, Petersonland, WY 31912"
445654,Andrea Watkins,velasquezcharles@yahoo.com,"35814 Smith Mountains, Kruegerville, Virginia, 58316, Luxembourg","26972 Vernon Mountains Suite 703, Juliachester, WI 20321",10610.64,"Andrea Watkins (445654) spent $10610.64 - Contact: velasquezcharles@yahoo.com - Addr: 26972 Vernon Mountains Suite 703, Juliachester, WI 20321"
559684,Michael Garrett,catherine37@yahoo.com,"61134 Mary Run, Schultzchester, West Virginia, 74371, Bangladesh","501 Richardson Spur, West Garrett, RI 18624",12523.36,"Michael Garrett (559684) spent $12523.36 - Contact: catherine37@yahoo.com - Addr: 501 Richardson Spur, West Garrett, RI 18624"
857388,Debra Wood,seangill@diaz-jones.com,"378 Dyer Vista, South Nicole, Illinois, 59590, Pakistan","Unit 3327 Box 9055, DPO AP 83229",9791.66,"Debra Wood (857388) spent $9791.66 - Contact: seangill@diaz-jones.com - Addr: Unit 3327 Box 9055, DPO AP 83229"
388868,James Oconnell,sullivanalexandra@gmail.com,"96509 Cole Junction, Johnfurt, Colorado, 22129, Uruguay","USNS Reeves, FPO AE 09232",7505.13,"James Oconnell (388868) spent $7505.13 - Contact: sullivanalexandra@gmail.com - Addr: USNS Reeves, FPO AE 09232"
530644,Matthew Clay,uwang@diaz.com,"92522 Wendy Stream, Christopherbury, Georgia, 48044, Northern Mariana Islands","404 Lewis Vista, Cruzfurt, WY 55284",11999.05,"Matthew Clay (530644) spent $11999.05 - Contact: uwang@diaz.com - Addr: 404 Lewis Vista, Cruzfurt, WY 55284"
324635,Rebecca Williams,ydean@hotmail.com,"173 Martinez Plaza, Janetberg, Illinois, 60032, Oman","446 Ariana Manor, Benjaminside, DE 82610",379.64,"Rebecca Williams (324635) spent $379.64 - Contact: ydean@hotmail.com - Addr: 446 Ariana Manor, Benjaminside, DE 82610"
956710,Jessica Williams,francisstephen@hotmail.com,"1871 Aguirre Burg, North Charles, Indiana, 46122, Aruba","3197 Randall Forest, Lake Bruceton, WA 17187",12511.65,"Jessica Williams (956710) spent $12511.65 - Contact: francisstephen@hotmail.com - Addr: 3197 Randall Forest, Lake Bruceton, WA 17187"
192349,Thomas Edwards,lsullivan@martinez.com,"6988 Richard Ports, Jamieville, Utah, 11101, Liberia","433 Gill Point Apt. 443, North Brian, LA 46033",12030.62,"Thomas Edwards (192349) spent $12030.62 - Contact: lsullivan@martinez.com - Addr: 433 Gill Point Apt. 443, North Brian, LA 46033"
559385,Matthew Walton,wvance@yahoo.com,"12904 Lee Plains, Bradleyhaven, Massachusetts, 87292, Austria","5410 Stephen Light, Cainfurt, WA 95447",439.48,"Matthew Walton (559385) spent $439.48 - Contact: wvance@yahoo.com - Addr: 5410 Stephen Light, Cainfurt, WA 95447"
239005,Dr. Ronald Salinas,xgraham@mayo-smith.info,"23439 Herbert Underpass, Pierceburgh, Massachusetts, 00590, Nauru","6388 Beth Hollow Apt. 597, West Steven, CO 47324",11832.8,"Dr. Ronald Salinas (239005) spent $11832.8 - Contact: xgraham@mayo-smith.info - Addr: 6388 Beth Hollow Apt. 597, West Steven, CO 47324"
855701,Michael Kent,obrown@kerr.biz,"39114 Bray Row, Jacksonview, Mississippi, 34232, Barbados","8264 Osborne Circles, Reyeston, ND 40281",6393.72,"Michael Kent (855701) spent $6393.72 - Contact: obrown@kerr.biz - Addr: 8264 Osborne Circles, Reyeston, ND 40281"
854920,James Watkins,laurie75@hotmail.com,"35065 Jeffrey Fields, Lake Brittany, Texas, 50813, Algeria","1278 James Mountains Apt. 117, New Paulberg, CA 12068",12316.2,"James Watkins (854920) spent $12316.2 - Contact: laurie75@hotmail.com - Addr: 1278 James Mountains Apt. 117, New Paulberg, CA 12068"
279559,David Williamson,steven34@hotmail.com,"05530 Alexis Forges, Port Heather, Texas, 60415, Philippines","369 Wright Manors Apt. 156, Donovanside, IL 95537",10314.28,"David Williamson (279559) spent $10314.28 - Contact: steven34@hotmail.com - Addr: 369 Wright Manors Apt. 156, Donovanside, IL 95537"
576448,Ryan Newman,brownmartha@gmail.com,"071 James Stream, Margarettown, Oregon, 97227, Saint Helena","911 Harold Lodge Apt. 803, Port Melissaview, OK 07009",13465.13,"Ryan Newman (576448) spent $13465.13 - Contact: brownmartha@gmail.com - Addr: 911 Harold Lodge Apt. 803, Port Melissaview, OK 07009"
786832,Craig Collins,sanchezstephen@hotmail.com,"2815 Sharp Oval, North Catherineview, Indiana, 22678, Reunion","88865 King Underpass, Toddborough, OH 72940",8814.45,"Craig Collins (786832) spent $8814.45 - Contact: sanchezstephen@hotmail.com - Addr: 88865 King Underpass, Toddborough, OH 72940"
675737,Kevin Clarke,kchavez@gmail.com,"8450 Ricky Springs, South Megan, Pennsylvania, 49751, Antigua and Barbuda","9949 Nicholas Ramp Apt. 295, Derricktown, MT 77493",2123.34,"Kevin Clarke (675737) spent $2123.34 - Contact: kchavez@gmail.com - Addr: 9949 Nicholas Ramp Apt. 295, Derricktown, MT 77493"
363789,Steven Brown,victoriasanchez@yahoo.com,"716 Bradshaw Plaza, Dennisfort, Nebraska, 42511, American Samoa","Unit 2491 Box 7767, DPO AA 10460",8691.28,"Steven Brown (363789) spent $8691.28 - Contact: victoriasanchez@yahoo.com - Addr: Unit 2491 Box 7767, DPO AA 10460"
496511,Kenneth Lee,caseyblevins@matthews.com,"067 Hodges Key, Vargasside, Maine, 64304, Micronesia","2010 Christina Place, Mitchellside, CO 85627",8031.83,"Kenneth Lee (496511) spent $8031.83 - Contact: caseyblevins@matthews.com - Addr: 2010 Christina Place, Mitchellside, CO 85627"
948594,David Harding,creynolds@simmons.com,"5603 Nelson Ports, Lisaville, Oklahoma, 22418, Paraguay","07506 Johnson Squares Apt. 078, Port James, IN 85187",12007.83,"David Harding (948594) spent $12007.83 - Contact: creynolds@simmons.com - Addr: 07506 Johnson Squares Apt. 078, Port James, IN 85187"
651498,Christian Willis,denise44@yahoo.com,"787 Nina Harbor, Michaelshire, North Dakota, 08654, Mongolia","527 Diana Forest, South Alexandraland, NY 66851",2937.46,"Christian Willis (651498) spent $2937.46 - Contact: denise44@yahoo.com - Addr: 527 Diana Forest, South Alexandraland, NY 66851"
123334,Carrie Moore,cameronjames@turner-case.com,"1501 Brown Mountain, Florestown, Ohio, 21464, Suriname","3516 Mcneil Burgs Apt. 819, Port Craigland, LA 26796",9155.33,"Carrie Moore (123334) spent $9155.33 - Contact: cameronjames@turner-case.com - Addr: 3516 Mcneil Burgs Apt. 819, Port Craigland, LA 26796"
333578,Emily Collins,sandovalryan@hotmail.com,"1860 Emily Spur, Port Debbie, Massachusetts, 91838, Eritrea","228 William Prairie, Shannonchester, NH 79945",3875.94,"Emily Collins (333578) spent $3875.94 - Contact: sandovalryan@hotmail.com - Addr: 228 William Prairie, Shannonchester, NH 79945"
724687,David Mcgee,zvasquez@hotmail.com,"5746 Robert Loop, Benjamintown, North Dakota, 28069, Argentina","81580 Weaver Rest Apt. 499, Lake Jeffreyport, NV 79726",7066.42,"David Mcgee (724687) spent $7066.42 - Contact: zvasquez@hotmail.com - Addr: 81580 Weaver Rest Apt. 499, Lake Jeffreyport, NV 79726"
